{
    "regressor__alpha": 5.3816109881943376e-05,
    "regressor__coef0": 0.0800487767657855,
    "regressor__degree": 3,
    "regressor__gamma": 0.0001,
    "regressor__kernel": "poly"
}