{
    "regressor__alpha": 0.0011401492484542882,
    "regressor__coef0": 0.9715258432139641,
    "regressor__degree": 3,
    "regressor__gamma": 0.0001,
    "regressor__kernel": "rbf"
}