{
    "regressor__alpha": 0.4421549272083765,
    "regressor__coef0": 0.9299686000337087,
    "regressor__degree": 3,
    "regressor__gamma": 0.0001,
    "regressor__kernel": "poly"
}